loss_train,step_idx,avg_winning,avg_diff,avg_score
0.004,0,0.31,-0.17164,3.12491
0.078,100,0.34,-0.07368,3.42848
0.111,200,0.43,0.06975,4.33433
