avg_score,loss_train,avg_winning,step_idx,avg_diff
6.7535,0.024,0.67,150,-0.17818
6.39787,0.062,0.635,300,-0.13842
6.60579,0.097,0.655,450,-0.13853
6.70176,0.132,0.665,600,-0.19971
6.65605,0.162,0.66,750,-0.10033
6.60708,0.187,0.655,900,-0.11561
4.3232,0.189,0.43,1050,-0.06608
6.09528,0.192,0.605,1200,0.02585
6.59758,0.201,0.655,1350,-0.12023
6.75549,0.215,0.67,1500,-0.14139
