avg_diff,avg_winning,loss_train,step_idx,avg_score
0.023,0.216,0.034,1000,0.23418
0.027,0.241,0.041,2000,0.25359
0.031,0.237,0.036,3000,0.25261
