loss_train,avg_score,avg_diff,step_idx,avg_winning
0.03,0.22521,0.029,1000,0.205
0.035,0.23429,0.028,2000,0.217
0.035,0.2231,0.029,3000,0.204
